{ 
  "type": "minecraft:crafting_shaped",
  "pattern": [
    "YCY",
    "CXC",
    "YCY"  ],
  "key": {
	"X": [{ "item": "hwell:loot_base" }],
	"Y": [{ "item": "hwell:crystal_nether" }],
	"G": [{ "item": "hwell:shard_au" }],
	"C": [{ "item": "hwell:shard_c" }],
	"A": [{ "item": "hwell:shard_ca" }],
	"F": [{ "item": "hwell:shard_fe" }],
	"H": [{ "item": "hwell:shard_h" }],
	"N": [{ "item": "hwell:shard_n" }],
	"O": [{ "item": "hwell:shard_o" }],
	"P": [{ "item": "hwell:shard_p" }]
  },
  "result": {
    "item": "hwell:loot_"
  }
}