{ 
	"type": "minecraft:crafting_shaped",
	"pattern": [
		"A A",
		" S ",
		"   "
	],
	"key": {
		"S": [
			{ "item": "minecraft:chorus_flower", "data": 0 },
			{ "item": "minecraft:nether_wart" },
			{ "item": "minecraft:carrot" },
			{ "item": "minecraft:reeds" },
			{ "item": "minecraft:wheat_seeds" },
			{ "item": "minecraft:beetroot_seeds" },
			{ "item": "minecraft:vine" },
			{ "item": "minecraft:sapling" , "data": 0},
			{ "item": "minecraft:sapling" , "data": 1},
			{ "item": "minecraft:sapling" , "data": 2},
			{ "item": "minecraft:sapling" , "data": 3},
			{ "item": "minecraft:sapling" , "data": 4},
			{ "item": "minecraft:sapling" , "data": 5},
			{ "item": "minecraft:potato" },
			{ "item": "minecraft:red_mushroom" },
			{ "item": "minecraft:brown_mushroom" },
			{ "item": "minecraft:waterlily" },
			{ "item": "minecraft:cactus" }
		],
		"A": [{ "item": "hwell:mutation_paste" }]
	},
	"result": { "item": "minecraft:sapling", "data": 5, "count": 2 }
}